{
        "parent": "ast:component/root",
        "criteria": {
                "put_furnace": {
                        "trigger": "minecraft:placed_block",
                        "conditions": {
                                "item": {
								    "item":"minecraft:wheat_seeds",
								    "nbt":"{id:\"ast:slime_tree_seeds\"}"
									    }
                        }
                }
        },
        "rewards": {
                "function": "ast:crops/plant/slime_tree_seeds"
        }
}