{
    "parent": "ast:machine/machine",
    "textures": {
        "particle": "ast:machine/wooden_parts_processing_table_top",
        "down": "block/oak_planks",
        "up": "ast:machine/wooden_parts_processing_table_top",
        "north": "ast:machine/wooden_parts_processing_table_side",
        "east": "ast:machine/wooden_parts_processing_table_side",
        "south": "ast:machine/wooden_parts_processing_table_side",
        "west": "ast:machine/wooden_parts_processing_table_side"
    }
}