{
    "elements": [
        {
			"from": [ -16, -16, 0 ],
            "to": [ 32, 32, 1 ],
            "faces": {
                "south": { "uv":[0,0,16,16],"texture": "#layer1"}
            }
        }
    ],
    "display": {
        "gui": {
            "scale": [ 3.4, 4, 1 ],
			"translation": [ 71, -33.5, -70]
        },
        "ground": {
            "scale": [ 0.1, 0.1, 0.1 ]
        }
    },
    "textures": {
        "layer1": "ast:gui/elements/astff_memory_capacity21"
    }
}