{
	"display": {
		"icon": {
			"item": "minecraft:carrot_on_a_stick",
			"nbt":"{Unbreakable:1b,Damage:19}"
		},
		"title":{
			"translate": "advancements.ast.astff.title"
		},
		"description": {
			"translate": "advancements.ast.astff.description"
		}
	},
	"parent":"ast:root",
	"criteria": {
		"astff": {
			"trigger": "minecraft:inventory_changed",
			"conditions":{
			    "items":[
				    {
				        "nbt":"{id:\"ast:farmland_fertiliser\"}"
				    }
			    ]
			}
		}
	}
}