{
	"display": {
		"icon": {
			"item": "minecraft:wooden_axe",
			"nbt":"{Unbreakable:1b,Damage:90}"
		},
		"title":{
			"translate": "advancements.ast.complete_tools.title"
		},
		"description": {
			"translate": "advancements.ast.complete_tools.description"
		}
	},
	"parent": "ast:root",
	"criteria": {
		"ast:complete_tools": {
			"trigger": "minecraft:inventory_changed",
			"conditions":{
				"items":[
					{
						"nbt":"{id:\"ast:hammer\"}"
					}
				]
			}
		},
		"ast:complete_tools": {
			"trigger": "minecraft:inventory_changed",
			"conditions":{
				"items":[
					{
						"nbt":"{id:\"ast:wooden_multi_purpose_pliers\"}"
					}
				]
			}
		}
	}
}