{
	"type": "crafting_shaped",
	"pattern": [
		"Z-Y",
		"/#/",
		"X_X"
	],
	"key": {
		"#": {
			"item": "minecraft:crafting_table"
		},
		"X": {
			"item": "minecraft:iron_block"
		},
		"_": {
			"item": "minecraft:observer"
		},
		"/": {
			"item": "minecraft:gold_ingot"
		},
		"-": {
			"item": "minecraft:glass"
		},
		"Z": {
			"item": "minecraft:lever"
		},
		"Y": {
			"item": "minecraft:redstone_lamp"
		}
	},
	"result": {
		"item": "minecraft:structure_void"
	}
}