{
    "parent": "item/generated",
	"textures": {
        "layer0": "item/brown_dye"
    },
    "overrides": [
	    { "predicate": { "custom_model_data": 1 }, "model": "ast:item/glue_wire"},
        { "predicate": { "custom_model_data": 2 }, "model": "ast:item/iron_plate"},
		{ "predicate": { "custom_model_data": 3 }, "model": "ast:item/iron_wire"},
		{ "predicate": { "custom_model_data": 4 }, "model": "ast:item/steel_plate"},
		{ "predicate": { "custom_model_data": 5 }, "model": "ast:item/mesh_wire"},
		{ "predicate": { "custom_model_data": 6 }, "model": "ast:item/23"},
		{ "predicate": { "custom_model_data": 7 }, "model": "ast:item/23"},
		{ "predicate": { "custom_model_data": 8 }, "model": "ast:item/23"}
    ]
}