{
    "parent": "item/carrot_on_a_stick",
	"textures": {
        "layer0": "item/carrot_on_a_stick"
    },
    "overrides": [
	    { "predicate": { "custom_model_data": 1 }, "model": "ast:item/sieve_sand"},
        { "predicate": { "custom_model_data": 2 }, "model": "ast:machine/23"},
		{ "predicate": { "custom_model_data": 3 }, "model": "ast:machine/23"},
		{ "predicate": { "custom_model_data": 4 }, "model": "ast:machine/23"},
	    { "predicate": { "custom_model_data": 5 }, "model": "ast:machine/23"}
    ]
}
