{
    "parent": "block/cobblestone",
    "overrides": [
	    { "predicate": { "custom_model_data": 1 }, "model": "ast:machine/iron_frame"},
        { "predicate": { "custom_model_data": 2 }, "model": "ast:machine/iron_frame_crafting_table"},
		{ "predicate": { "custom_model_data": 3 }, "model": "ast:machine/iron_conduit"},
		{ "predicate": { "custom_model_data": 4 }, "model": "ast:machine/sand_machine"},
	    { "predicate": { "custom_model_data": 5 }, "model": "ast:machine/wooden_frame"},
        { "predicate": { "custom_model_data": 6 }, "model": "ast:machine/m_sand_machine"}
    ]
}