{
    "parent": "item/handheld",
    "textures": {
        "layer0": "item/diamond_sword"
    },
	"overrides": [
		{ "predicate": { "damaged": 0,"damage": 0.000000000 }, "model": "item/diamond_sword"},
		{ "predicate": { "damaged": 0,"damage": 0.918234509 }, "model": "ast:gui/astff_memory_capacity27"},
		{ "predicate": { "damaged": 0,"damage": 0.925197933 }, "model": "ast:gui/astff_memory_capacity26"},
		{ "predicate": { "damaged": 0,"damage": 0.926906151 }, "model": "ast:gui/astff_memory_capacity25"},
		{ "predicate": { "damaged": 0,"damage": 0.927567143 }, "model": "ast:gui/astff_memory_capacity24"},
		{ "predicate": { "damaged": 0,"damage": 0.928181535 }, "model": "ast:gui/astff_memory_capacity23"},
		{ "predicate": { "damaged": 0,"damage": 0.935966189 }, "model": "ast:gui/astff_memory_capacity22"},
		{ "predicate": { "damaged": 0,"damage": 0.936135130 }, "model": "ast:gui/astff_memory_capacity21"},
		{ "predicate": { "damaged": 0,"damage": 0.937270153 }, "model": "ast:gui/astff_memory_capacity20"},
		{ "predicate": { "damaged": 0,"damage": 0.938839294 }, "model": "ast:gui/astff_memory_capacity19"},
		{ "predicate": { "damaged": 0,"damage": 0.945182461 }, "model": "ast:gui/astff_memory_capacity18"},
		{ "predicate": { "damaged": 0,"damage": 0.946915955 }, "model": "ast:gui/astff_memory_capacity17"},
		{ "predicate": { "damaged": 0,"damage": 0.947329490 }, "model": "ast:gui/astff_memory_capacity16"},
		{ "predicate": { "damaged": 0,"damage": 0.948867535 }, "model": "ast:gui/astff_memory_capacity15"},
	    { "predicate": { "damaged": 0,"damage": 0.955159177 }, "model": "ast:gui/astff_memory_capacity14"},
		{ "predicate": { "damaged": 0,"damage": 0.956214434 }, "model": "ast:gui/astff_memory_capacity13"},
		{ "predicate": { "damaged": 0,"damage": 0.957151645 }, "model": "ast:gui/astff_memory_capacity12"},
		{ "predicate": { "damaged": 0,"damage": 0.958195350 }, "model": "ast:gui/astff_memory_capacity11"},
		{ "predicate": { "damaged": 0,"damage": 0.965481985 }, "model": "ast:gui/astff_memory_capacity10"},
		{ "predicate": { "damaged": 0,"damage": 0.966536845 }, "model": "ast:gui/astff_memory_capacity9"},
		{ "predicate": { "damaged": 0,"damage": 0.967675481 }, "model": "ast:gui/astff_memory_capacity8"},
		{ "predicate": { "damaged": 0,"damage": 0.968318455 }, "model": "ast:gui/astff_memory_capacity7"},
		{ "predicate": { "damaged": 0,"damage": 0.975894315 }, "model": "ast:gui/astff_memory_capacity6"},
		{ "predicate": { "damaged": 0,"damage": 0.976906149 }, "model": "ast:gui/astff_memory_capacity5"},
		{ "predicate": { "damaged": 0,"damage": 0.977174072 }, "model": "ast:gui/astff_memory_capacity4"},
		{ "predicate": { "damaged": 0,"damage": 0.978313413 }, "model": "ast:gui/astff_memory_capacity3"},
		{ "predicate": { "damaged": 0,"damage": 0.985819729 }, "model": "ast:gui/astff_memory_capacity2"},
		{ "predicate": { "damaged": 0,"damage": 0.986689516 }, "model": "ast:gui/astff_memory_capacity1"},
	    { "predicate": { "damaged": 0,"damage": 0.987932460 }, "model": "ast:gui/astff_memory_capacity0"},
	    { "predicate": { "damaged": 0,"damage": 0.988821161 }, "model": "ast:gui/astff_memory_capacity1"},
		{ "predicate": { "damaged": 0,"damage": 0.995157159 }, "model": "ast:gui/astff_memory_capacity1"},
	    { "predicate": { "damaged": 0,"damage": 0.996420527 }, "model": "ast:gui/astff_memory_capacity1"},
	    { "predicate": { "damaged": 0,"damage": 0.997350250 }, "model": "ast:gui/astff_memory_capacity1"},
		{ "predicate": { "damaged": 0,"damage": 0.998833334 }, "model": "ast:gui/astff_memory_capacity1"},
		{ "predicate": { "damaged": 1,"damage": 0 }, "model": "item/diamond_sword"}
	]
}