{
    "parent": "item/handheld",
    "textures": {
        "layer0": "item/wooden_axe"
    },
	"overrides": [
		{ "predicate": { "damaged": 0,"damage": 0.000000000 }, "model": "item/wooden_axe"},
	    { "predicate": { "damaged": 0,"damage": 0.925561962 }, "model": "ast:item/red_stone_ejector"},
	    { "predicate": { "damaged": 0,"damage": 0.946289156 }, "model": "ast:item/red_stone_ejector"},
		{ "predicate": { "damaged": 0,"damage": 0.968638469 }, "model": "ast:item/red_stone_ejector"},
		{ "predicate": { "damaged": 0,"damage": 1.000000000 }, "model": "ast:item/red_stone_ejector"},
		{ "predicate": { "damaged": 1,"damage": 0 }, "model": "item/wooden_axe"}
	]
}
