{
    "parent": "item/handheld",
    "textures": {
        "layer0": "item/wooden_hoe"
    },
	"overrides": [
		{ "predicate": { "damaged": 0,"damage": 0.000000000 }, "model": "item/wooden_hoe"},
	    { "predicate": { "damaged": 0,"damage": 0.887632460 }, "model": "ast:gui/farmland_fertiliser_gui"},
	    { "predicate": { "damaged": 0,"damage": 0.901821161 }, "model": "ast:gui/wood_parts_processing_table_hammer_gui"},
		{ "predicate": { "damaged": 0,"damage": 0.926157159 }, "model": "ast:gui/hydroelectric_generator_gui"},
	    { "predicate": { "damaged": 0,"damage": 0.948420527 }, "model": "ast:gui/wood_parts_processing_table_gui"},
	    { "predicate": { "damaged": 0,"damage": 0.964850250 }, "model": "ast:machine/machine_base_plate"},
		{ "predicate": { "damaged": 0,"damage": 0.983333334 }, "model": "ast:gui/gene_extractor_gui"},
		{ "predicate": { "damaged": 1,"damage": 0 }, "model": "item/wooden_hoe"}
	]
}